15, 11
23, 11
31, 11
49, 11
56, 11
64, 11
72, 11
80, 11
98, 11
106, 11
114, 11
122, 11
130, 11
148, 11
155, 11
189, 11
205, 11
254, 11
262, 11
288, 11
296, 11
304, 11
320, 11
338, 11
346, 11
379, 11
403, 11
452, 11
502, 11
601, 11
700, 11
809, 11
908, 11
924, 11
940, 11
1005, 11
1104, 11
1203, 11
1302, 11
1401, 11
1435, 11
1450, 11
1468, 11
1476, 11
1484, 11
1492, 11
1500, 11
1559, 11
1609, 11
1708, 11
1757, 11
1807, 11
13, 12
54, 12
104, 12
138, 12
179, 12
203, 12
252, 12
302, 12
328, 12
336, 12
344, 12
351, 12
385, 12
393, 12
401, 12
427, 12
435, 12
450, 12
500, 12
609, 12
708, 12
807, 12
29, 13
60, 13
86, 13
102, 13
144, 13
201, 13
300, 13
409, 13
508, 13
607, 13
631, 13
680, 13
706, 13
805, 13
839, 13
904, 13
1001, 13
1100, 13
1159, 13
1209, 13
1308, 13
1407, 13
1506, 13
1605, 13
1654, 13
1704, 13
1803, 13
1852, 13
1902, 13
1951, 13
2009, 13
2108, 13
2207, 13
2306, 13
2405, 13
2504, 13
2553, 13
2603, 13
2702, 13
2801, 13
2900, 13
3007, 13
3106, 13
3205, 13
3304, 13
3403, 13
3502, 13
3536, 13
3569, 13
3601, 13
3700, 13
3809, 13
3908, 13
3957, 13
4005, 13
4062, 13
4104, 13
4203, 13
4237, 13
4260, 13
4302, 13
4401, 13
27, 14
50, 14
100, 14
159, 14
175, 14
209, 14
233, 14
282, 14
308, 14
407, 14
456, 14
472, 14
506, 14
605, 14
704, 14
107, 15
131, 15
206, 15
305, 15
347, 15
404, 15
503, 15
602, 15
701, 15
800, 15
859, 15
909, 15
958, 15
1006, 15
1105, 15
1204, 15
1253, 15
1303, 15
1402, 15
1451, 15
1501, 15
1576, 15
1600, 15
1709, 15
1725, 15
1758, 15
1782, 15
1808, 15
1907, 15
1956, 15
2004, 15
2103, 15
2152, 15
2202, 15
2301, 15
2400, 15
2509, 15
2608, 15
2707, 15
2756, 15
2764, 15
2772, 15
2806, 15
2855, 15
2905, 15
2939, 15
2954, 15
3002, 15
3044, 15
3077, 15
3093, 15
3101, 15
3200, 15
3309, 15
3408, 15
3457, 15
3507, 15
3606, 15
3705, 15
3754, 15
3804, 15
3903, 15
4000, 15
4059, 15
4109, 15
4208, 15
4307, 15
4406, 15
4422, 15
4455, 15
4505, 15
4604, 15
4703, 15
4752, 15
4802, 15
4901, 15
4950, 15
4976, 15
5007, 15
5031, 15
5064, 15
5106, 15
5205, 15
5304, 15
5403, 15
5437, 15
5486, 15
5494, 15
5502, 15
5536, 15
5551, 15
5601, 15
5635, 15
5650, 15
5700, 15
5809, 15
5908, 15
6005, 15
6104, 15
6112, 15
6138, 15
6161, 15
6187, 15
6195, 15
6203, 15
6302, 15
6351, 15
6401, 15
6500, 15
6559, 15
6583, 15
6609, 15
6708, 15
6807, 15
6906, 15
7003, 15
7102, 15
7151, 15
7201, 15
7300, 15
7409, 15
7458, 15
7466, 15
7474, 15
7508, 15
7607, 15
7706, 15
7755, 15
7805, 15
7904, 15
7953, 15
7961, 15
7979, 15
8001, 15
8035, 15
8050, 15
8084, 15
8100, 15
8126, 15
8159, 15
8209, 15
8308, 15
8357, 15
8407, 15
55, 16
105, 16
154, 16
204, 16
212, 16
238, 16
253, 16
279, 16
303, 16
402, 16
501, 16
535, 16
550, 16
600, 16
709, 16
808, 16
251, 17
301, 17
350, 17
400, 17
707, 17
1002, 17
1051, 17
1101, 17
1309, 17
1903, 17
2000, 17
2109, 17
2158, 17
2208, 17
2307, 17
2406, 17
2554, 17
2703, 17
2901, 17
3008, 17
3057, 17
3073, 17
3107, 17
3206, 17
3305, 17
3602, 17
3701, 17
3800, 17
3826, 17
3842, 17
3867, 17
3883, 17
3891, 17
3909, 17
4105, 17
4600, 17
5102, 17
5508, 17
5557, 17
5607, 17
6001, 17
6100, 17
6258, 17
6506, 17
7009, 17
7108, 17
7207, 17
7306, 17
7405, 17
7553, 17
7652, 17
7702, 17
8205, 17
8254, 17
8304, 17
9005, 17
9302, 17
9500, 17
9807, 17
10508, 17
10706, 17
10904, 17
11100, 17
11506, 17
11803, 17
11902, 17
11951, 17
12009, 17
12157, 17
12405, 17
12454, 17
12504, 17
12702, 17
12801, 17
13205, 17
13304, 17
13601, 17
13700, 17
13809, 17
13957, 17
14203, 17
14302, 17
14880, 17
15002, 17
15101, 17
15150, 17
15259, 17
15507, 17
15705, 17
15754, 17
16109, 17
16208, 17
16307, 17
16505, 17
16604, 17
16653, 17
16703, 17
17008, 17
17206, 17
17503, 17
17800, 17
17909, 17
18006, 17
18204, 17
18303, 17
18402, 17
18451, 17
18501, 17
18550, 17
18659, 17
18709, 17
18758, 17
18808, 17
18840, 17
18865, 17
18881, 17
18899, 17
18907, 17
19004, 17
20002, 17
20101, 17
20150, 17
20200, 17
20259, 17
20309, 17
20499, 17
20655, 17
20804, 17
20853, 17
20903, 17
20937, 17
20978, 17
21000, 17
21109, 17
21208, 17
21257, 17
21307, 17
22081, 17
22107, 17
55, 21
105, 21
154, 21
204, 21
303, 21
402, 21
436, 21
477, 21
501, 21
550, 21
600, 21
709, 21
808, 21
832, 21
873, 21
907, 21
956, 21
1004, 21
1103, 21
1202, 21
1251, 21
1301, 21
1350, 21
1400, 21
1509, 21
1608, 21
1707, 21
1731, 21
1772, 21
1806, 21
1905, 21
1939, 21
1970, 21
2002, 21
2036, 21
2077, 21
2101, 21
2150, 21
2200, 21
2309, 21
2325, 21
2358, 21
2374, 21
2408, 21
2507, 21
2556, 21
2606, 21
2705, 21
2754, 21
2804, 21
2903, 21
3000, 21
3109, 21
3125, 21
3158, 21
3174, 21
3208, 21
3257, 21
3307, 21
3406, 21
3505, 21
3554, 21
3604, 21
3703, 21
3752, 21
3802, 21
3901, 21
4008, 21
4057, 21
4073, 21
4081, 21
4099, 21
4107, 21
4206, 21
4305, 21
4404, 21
4503, 21
4552, 21
4602, 21
4628, 21
4651, 21
4677, 21
4701, 21
4800, 21
4909, 21
5005, 21
5104, 21
5153, 21
5203, 21
5302, 21
5351, 21
5401, 21
5427, 21
5450, 21
5476, 21
5500, 21
5609, 21
5658, 21
5708, 21
5807, 21
5906, 21
5922, 21
5948, 21
5963, 21
5989, 21
6003, 21
6102, 21
6201, 21
6300, 21
6326, 21
6359, 21
6375, 21
6409, 21
6508, 21
6607, 21
6631, 21
6672, 21
6706, 21
6755, 21
6805, 21
6904, 21
7001, 21
7100, 21
7209, 21
7258, 21
7308, 21
7357, 21
7407, 21
7456, 21
7506, 21
7605, 21
7704, 21
7803, 21
7902, 21
8009, 21
8058, 21
8108, 21
8207, 21
8256, 21
8306, 21
8405, 21
8454, 21
8504, 21
8603, 21
8702, 21
8801, 21
8900, 21
9007, 21
9056, 21
9106, 21
9205, 21
9239, 21
9270, 21
9304, 21
9403, 21
9452, 21
9502, 21
9551, 21
9601, 21
9700, 21
9759, 21
9809, 21
9908, 21
10005, 21
10039, 21
10104, 21
10203, 21
10237, 21
10278, 21
10302, 21
10401, 21
10500, 21
10609, 21
10658, 21
10708, 21
10807, 21
10856, 21
10906, 21
11003, 21
11029, 21
11052, 21
11078, 21
11102, 21
11201, 21
11250, 21
11300, 21
11409, 21
11508, 21
11532, 21
11573, 21
11607, 21
11631, 21
11672, 21
11706, 21
11722, 21
11748, 21
11763, 21
11789, 21
11805, 21
11904, 21
11953, 21
12001, 21
12100, 21
12209, 21
12233, 21
12274, 21
12308, 21
12407, 21
12456, 21
12506, 21
12605, 21
12704, 21
12803, 21
12852, 21
12902, 21
13009, 21
14007, 21
53, 22
103, 22
202, 22
251, 22
277, 22
301, 22
400, 22
459, 22
509, 22
608, 22
707, 22
806, 22
905, 22
954, 22
1002, 22
1051, 22
1101, 22
1150, 22
1176, 22
1200, 22
1309, 22
1408, 22
1507, 22
1556, 22
1572, 22
1606, 22
1705, 22
1739, 22
1770, 22
1804, 22
1903, 22
1919, 22
1929, 22
1945, 22
1960, 22
1988, 22
2000, 22
2026, 22
2059, 22
2075, 22
2083, 22
2091, 22
2109, 22
2117, 22
2133, 22
2174, 22
2208, 22
2251, 22
2307, 22
2406, 22
2455, 22
2505, 22
2539, 22
2554, 22
2604, 22
2653, 22
2703, 22
2711, 22
2729, 22
2737, 22
2752, 22
2778, 22
2802, 22
2851, 22
2901, 22
3008, 22
3107, 22
3206, 22
3230, 22
3255, 22
3271, 22
3305, 22
3354, 22
3404, 22
3420, 22
3453, 22
3503, 22
3602, 22
3701, 22
3750, 22
3800, 22
3859, 22
3909, 22
4006, 22
4105, 22
4154, 22
4204, 22
4303, 22
4352, 22
4402, 22
4501, 22
4550, 22
4600, 22
4659, 22
4709, 22
4808, 22
4907, 22
5003, 22
5102, 22
5151, 22
5201, 22
5250, 22
5276, 22
5300, 22
5359, 22
5409, 22
5458, 22
5508, 22
5516, 22
5524, 22
5532, 22
5540, 22
5557, 22
5565, 22
5573, 22
5581, 22
5599, 22
5607, 22
5706, 22
5805, 22
5854, 22
5904, 22
5953, 22
6001, 22
6050, 22
6100, 22
6209, 22
6308, 22
6357, 22
6407, 22
6506, 22
6605, 22
6654, 22
6670, 22
6696, 22
6704, 22
6720, 22
6753, 22
6803, 22
6902, 22
6951, 22
7009, 22
7108, 22
7207, 22
7306, 22
7355, 22
7405, 22
7504, 22
7553, 22
7603, 22
7702, 22
7751, 22
7777, 22
7793, 22
7801, 22
7850, 22
7900, 22
7934, 22
7959, 22
8007, 22
8106, 22
8205, 22
8304, 22
8403, 22
8502, 22
8551, 22
8601, 22
8650, 22
8700, 22
8809, 22
8858, 22
8874, 22
8908, 22
9005, 22
9104, 22
9153, 22
9203, 22
9302, 22
9351, 22
9377, 22
9401, 22
9450, 22
9500, 22
9559, 22
9609, 22
9658, 22
9708, 22
9757, 22
9807, 22
9856, 22
9872, 22
9906, 22
9955, 22
9971, 22
10003, 22
10052, 22
10102, 22
10201, 22
10300, 22
10359, 22
10375, 22
10383, 22
10391, 22
10409, 22
10508, 22
10607, 22
10623, 22
10631, 22
10656, 22
10706, 22
10805, 22
10904, 22
10938, 22
10953, 22
10979, 22
11001, 22
11100, 22
11209, 22
11308, 22
11357, 22
11407, 22
11506, 22
11605, 22
11704, 22
101, 23
150, 23
200, 23
309, 23
408, 23
507, 23
606, 23
705, 23
754, 23
804, 23
903, 23
1000, 23
1109, 23
1208, 23
1257, 23
1307, 23
1406, 23
1505, 23
1604, 23
1703, 23
1802, 23
1851, 23
1901, 23
1950, 23
2008, 23
2057, 23
2107, 23
2206, 23
2305, 23
2404, 23
2503, 23
2602, 23
2701, 23
2800, 23
2909, 23
3006, 23
3105, 23
3204, 23
3303, 23
3402, 23
3501, 23
3600, 23
3659, 23
3709, 23
3808, 23
3907, 23
3931, 23
3956, 23
4004, 23
4103, 23
4202, 23
4236, 23
4251, 23
4269, 23
4277, 23
4285, 23
4301, 23
4350, 23
4400, 23
4459, 23
4509, 23
4608, 23
4657, 23
4707, 23
4806, 23
4905, 23
4954, 23
5001, 23
5100, 23
5209, 23
5233, 23
5266, 23
5308, 23
5332, 23
5357, 23
5407, 23
5506, 23
5605, 23
5654, 23
5704, 23
5803, 23
5902, 23
6009, 23
6108, 23
6207, 23
6256, 23
6306, 23
6405, 23
6504, 23
6553, 23
6603, 23
6702, 23
6801, 23
6900, 23
7007, 23
7106, 23
7205, 23
7254, 23
7304, 23
7403, 23
7502, 23
7601, 23
7635, 23
7650, 23
7700, 23
7809, 23
7908, 23
8005, 23
8104, 23
8203, 23
8302, 23
8351, 23
8377, 23
8401, 23
8500, 23
8609, 23
8708, 23
8807, 23
8906, 23
9003, 23
9102, 23
9201, 23
9300, 23
9409, 23
9458, 23
9508, 23
9607, 23
9706, 23
9805, 23
9904, 23
10001, 23
10100, 23
10209, 23
10258, 23
10308, 23
10407, 23
10506, 23
10605, 23
10704, 23
10803, 23
10852, 23
10902, 23
10951, 23
11009, 23
11108, 23
11207, 23
11231, 23
11264, 23
11306, 23
11355, 23
11405, 23
11504, 23
11603, 23
11702, 23
11801, 23
11900, 23
11959, 23
12007, 23
12106, 23
12205, 23
12304, 23
12403, 23
12502, 23
12601, 23
12700, 23
12809, 23
12908, 23
13005, 23
13104, 23
13203, 23
13252, 23
13302, 23
13351, 23
13401, 23
13500, 23
13559, 23
13609, 23
13708, 23
13757, 23
13807, 23
13906, 23
13955, 23
14003, 23
14102, 23
109, 24
208, 24
307, 24
406, 24
505, 24
604, 24
703, 24
802, 24
901, 24
1008, 24
1107, 24
1206, 24
1305, 24
1404, 24
1453, 24
1503, 24
1602, 24
1651, 24
1701, 24
1800, 24
1859, 24
1909, 24
2006, 24
2105, 24
2204, 24
2303, 24
2402, 24
2501, 24
2600, 24
2709, 24
2808, 24
2907, 24
3004, 24
3103, 24
3202, 24
3251, 24
3301, 24
3400, 24
3509, 24
3608, 24
3707, 24
3756, 24
3806, 24
3905, 24
4002, 24
4101, 24
4200, 24
4309, 24
4408, 24
4507, 24
4606, 24
4705, 24
4804, 24
4853, 24
4903, 24
5009, 24
5108, 24
5207, 24
5306, 24
5405, 24
5504, 24
5603, 24
5702, 24
5801, 24
5900, 24
6007, 24
6106, 24
6155, 24
6205, 24
6304, 24
6403, 24
6502, 24
6601, 24
6700, 24
6809, 24
6908, 24
7005, 24
7104, 24
7203, 24
7252, 24
7302, 24
7401, 24
7500, 24
7609, 24
7708, 24
7807, 24
7906, 24
8003, 24
8102, 24
8201, 24
8300, 24
8409, 24
8508, 24
8607, 24
8706, 24
8805, 24
8904, 24
8953, 24
9100, 24
9209, 24
9308, 24
9332, 24
9407, 24
9506, 24
9605, 24
9704, 24
9803, 24
9902, 24
10009, 24
10108, 24
10207, 24
10256, 24
10306, 24
10405, 24
10504, 24
10603, 24
10702, 24
10801, 24
10900, 24
11007, 24
11056, 24
11106, 24
11205, 24
11403, 24
11429, 24
11502, 24
11601, 24
11700, 24
11809, 24
11908, 24
12005, 24
12104, 24
12203, 24
12302, 24
12401, 24
12500, 24
12559, 24
12609, 24
12708, 24
12807, 24
12906, 24
13003, 24
13102, 24
13201, 24
13300, 24
13359, 24
13409, 24
13508, 24
13557, 24
13607, 24
13706, 24
13805, 24
13904, 24
14001, 24
14100, 24
14159, 24
14209, 24
14308, 24
14407, 24
14456, 24
14506, 24
14605, 24
14704, 24
14753, 24
14803, 24
14902, 24
15008, 24
106, 25
205, 25
304, 25
403, 25
502, 25
536, 25
577, 25
601, 25
700, 25
734, 25
775, 25
809, 25
908, 25
1005, 25
1104, 25
1153, 25
1203, 25
1302, 25
1351, 25
1401, 25
1500, 25
1534, 25
1575, 25
1609, 25
1708, 25
1807, 25
1906, 25
2003, 25
2052, 25
2102, 25
2151, 25
2201, 25
2300, 25
2409, 25
2508, 25
2607, 25
2706, 25
2805, 25
2904, 25
3001, 25
3100, 25
3209, 25
3308, 25
3407, 25
3506, 25
3555, 25
3605, 25
3704, 25
3753, 25
3803, 25
3902, 25
4009, 25
4033, 25
4074, 25
4108, 25
4157, 25
4207, 25
4306, 25
4355, 25
4405, 25
4504, 25
4603, 25
4702, 25
4801, 25
4850, 25
4900, 25
5006, 25
5105, 25
5204, 25
5238, 25
5279, 25
5303, 25
5352, 25
5402, 25
5501, 25
5600, 25
5709, 25
5808, 25
5907, 25
6004, 25
6103, 25
6202, 25
6251, 25
6301, 25
6400, 25
6509, 25
6608, 25
6707, 25
6806, 25
6905, 25
7002, 25
7101, 25
7200, 25
7309, 25
7408, 25
7507, 25
7606, 25
7705, 25
7804, 25
7903, 25
8000, 25
8109, 25
8208, 25
8307, 25
8406, 25
8505, 25
8554, 25
8604, 25
8703, 25
8802, 25
8901, 25
9008, 25
9057, 25
9107, 25
9156, 25
9206, 25
9305, 25
9339, 25
9370, 25
9396, 25
9404, 25
9503, 25
9602, 25
9701, 25
9800, 25
9909, 25
10006, 25
10105, 25
10204, 25
10303, 25
10402, 25
10501, 25
10600, 25
10659, 25
10709, 25
10808, 25
10907, 25
11004, 25
11103, 25
11202, 25
11301, 25
11400, 25
11509, 25
11608, 25
11707, 25
11806, 25
11905, 25
12002, 25
12036, 25
12077, 25
12101, 25
12200, 25
12309, 25
12408, 25
12507, 25
12606, 25
12705, 25
12721, 25
12747, 25
12754, 25
12762, 25
12788, 25
12804, 25
12903, 25
13000, 25
13109, 25
13158, 25
13208, 25
13307, 25
13356, 25
13406, 25
13505, 25
13604, 25
13653, 25
13703, 25
13802, 25
13851, 25
13901, 25
13927, 25
13943, 25
13968, 25
13984, 25
14008, 25
14107, 25
14206, 25
14305, 25
14404, 25
14453, 25
14503, 25
14552, 25
14602, 25
14651, 25
14701, 25
14800, 25
14909, 25
15005, 25
15104, 25
15203, 25
15302, 25
15401, 25
15500, 25
15609, 25
15708, 25
15807, 25
15906, 25
15930, 25
15971, 25
16003, 25
16102, 25
16151, 25
16201, 25
16300, 25
16409, 25
16508, 25
16607, 25
16706, 25
16755, 25
16805, 25
16904, 25
17001, 25
17100, 25
17209, 25
17407, 25
54, 26
104, 26
203, 26
302, 26
401, 26
500, 26
609, 26
708, 26
807, 26
906, 26
1003, 26
1052, 26
1102, 26
1201, 26
1300, 26
1409, 26
1508, 26
1607, 26
1706, 26
1805, 26
1904, 26
2001, 26
2100, 26
2209, 26
2308, 26
2407, 26
2506, 26
2605, 26
2704, 26
2803, 26
2902, 26
3009, 26
3108, 26
3207, 26
3306, 26
3405, 26
3454, 26
3504, 26
3603, 26
3702, 26
3801, 26
3900, 26
3926, 26
4007, 26
4106, 26
4155, 26
4205, 26
4304, 26
4403, 26
4502, 26
4601, 26
4700, 26
4809, 26
4908, 26
5004, 26
5103, 26
5152, 26
5202, 26
5301, 26
5400, 26
5459, 26
5509, 26
5608, 26
5707, 26
5806, 26
5905, 26
6002, 26
6101, 26
6200, 26
6309, 26
6408, 26
6507, 26
6606, 26
6705, 26
6804, 26
6903, 26
7000, 26
7109, 26
7208, 26
7307, 26
7406, 26
7505, 26
7604, 26
7653, 26
7703, 26
7752, 26
7802, 26
7901, 26
7950, 26
8008, 26
8057, 26
8107, 26
8206, 26
8255, 26
8305, 26
8404, 26
8453, 26
8503, 26
8602, 26
8701, 26
8750, 26
8800, 26
8909, 26
9006, 26
9105, 26
9154, 26
9204, 26
9303, 26
9402, 26
9501, 26
9600, 26
9709, 26
9808, 26
9907, 26
10004, 26
10103, 26
10202, 26
10301, 26
10400, 26
10509, 26
10608, 26
10707, 26
10806, 26
10905, 26
11002, 26
11101, 26
11200, 26
11309, 26
11408, 26
11507, 26
11533, 26
11606, 26
11705, 26
11804, 26
11903, 26
12000, 26
12109, 26
12208, 26
12307, 26
12406, 26
12455, 26
12471, 26
12505, 26
12554, 26
12604, 26
12703, 26
12802, 26
12901, 26
13008, 26
13107, 26
13206, 26
13305, 26
13404, 26
13503, 26
13602, 26
13701, 26
13800, 26
13909, 26
14006, 26
14105, 26
14204, 26
14303, 26
14402, 26
14501, 26
14600, 26
14709, 26
14808, 26
14857, 26
15003, 26
15102, 26
15201, 26
15300, 26
15409, 26
15508, 26
15607, 26
15706, 26
15805, 26
15904, 26
16001, 26
16100, 26
16183, 26
16209, 26
16308, 26
16407, 26
16506, 26
102, 27
201, 27
300, 27
409, 27
508, 27
607, 27
706, 27
805, 27
904, 27
1001, 27
1100, 27
1209, 27
1308, 27
1357, 27
1407, 27
1506, 27
1605, 27
1704, 27
1803, 27
1902, 27
2009, 27
2108, 27
2207, 27
2306, 27
2355, 27
2405, 27
2504, 27
2553, 27
2603, 27
2702, 27
2801, 27
2900, 27
3007, 27
3106, 27
3205, 27
3304, 27
3403, 27
3502, 27
3601, 27
3700, 27
3759, 27
3809, 27
3908, 27
4005, 27
4104, 27
4203, 27
4302, 27
4401, 27
4500, 27
4609, 27
4708, 27
4807, 27
4906, 27
5002, 27
5101, 27
5200, 27
5309, 27
5408, 27
5507, 27
5606, 27
5705, 27
5804, 27
5903, 27
6000, 27
6109, 27
6208, 27
6307, 27
6406, 27
6422, 27
6448, 27
6505, 27
6604, 27
6703, 27
6802, 27
6901, 27
7008, 27
7107, 27
7206, 27
7305, 27
7404, 27
7503, 27
7602, 27
7701, 27
7800, 27
7909, 27
8006, 27
8105, 27
8204, 27
8303, 27
8402, 27
8501, 27
8600, 27
8709, 27
8808, 27
8907, 27
8956, 27
9004, 27
9103, 27
9152, 27
9202, 27
9301, 27
9400, 27
100, 28
209, 28
308, 28
407, 28
506, 28
605, 28
670, 28
704, 28
1009, 28
1108, 28
1207, 28
1306, 28
1405, 28
1504, 28
1603, 28
1702, 28
1900, 28
2007, 28
2106, 28
2205, 28
2304, 28
2403, 28
2502, 28
2601, 28
2700, 28
2809, 28
2908, 28
3005, 28
3104, 28
3203, 28
3302, 28
3401, 28
3500, 28
3609, 28
3708, 28
3807, 28
3906, 28
4003, 28
4102, 28
4201, 28
4300, 28
4409, 28
4458, 28
4508, 28
4607, 28
4706, 28
4805, 28
4904, 28
5000, 28
5109, 28
5208, 28
5307, 28
5406, 28
5505, 28
5604, 28
5703, 28
5802, 28
5901, 28
6008, 28
6107, 28
6206, 28
6305, 28
6404, 28
6503, 28
6602, 28
6701, 28
6800, 28
6909, 28
7006, 28
7105, 28
7204, 28
7303, 28
7402, 28
7501, 28
7600, 28
108, 29
207, 29
306, 29
355, 29
405, 29
504, 29
603, 29
702, 29
801, 29
900, 29
1007, 29
1106, 29
1155, 29
1205, 29
1304, 29
1353, 29
1403, 29
1502, 29
1601, 29
1700, 29
1809, 29
1908, 29
1957, 29
2005, 29
2054, 29
2104, 29
2203, 29
2252, 29
2302, 29
2401, 29
2500, 29
2609, 29
2658, 29
2708, 29
2807, 29
2906, 29
3003, 29
3102, 29
3201, 29
3235, 29
3276, 29
3300, 29
3409, 29
3508, 29
3607, 29
3706, 29
3805, 29
3904, 29
3953, 29
4001, 29
4050, 29
4100, 29
4209, 29
4308, 29
4407, 29
4506, 29
4605, 29
4704, 29
4753, 29
4803, 29
4852, 29
4902, 29
5008, 29
5107, 29
5156, 29
5206, 29
5305, 29
5404, 29
5503, 29
5602, 29
5701, 29
5800, 29
5909, 29
6006, 29
6105, 29
6204, 29
6303, 29
6402, 29
6501, 29
6600, 29
6709, 29
6808, 29
6824, 29
6857, 29
6873, 29
6899, 29
6907, 29
7004, 29
7103, 29
7202, 29
7301, 29
7400, 29
7509, 29
7558, 29
7608, 29
7707, 29
7806, 29
7905, 29
8002, 29
8101, 29
8200, 29
8309, 29
8408, 29
8507, 29
8606, 29
8705, 29
8804, 29
8903, 29
9000, 29
9109, 29
9208, 29
9307, 29
9406, 29
9505, 29
9604, 29
9703, 29
9802, 29
9901, 29
10008, 29
10057, 29
10107, 29
10206, 29
10305, 29
10404, 29
10503, 29
10602, 29
10701, 29
10727, 29
10750, 29
10776, 29
10800, 29
10859, 29
10909, 29
11006, 29
11105, 29
11204, 29
11253, 29
11303, 29
11402, 29
11501, 29
11600, 29
11659, 29
11709, 29
11808, 29
11857, 29
11907, 29
12004, 29
12103, 29
12202, 29
12301, 29
12400, 29
12509, 29
12608, 29
12707, 29
12806, 29
12905, 29
13002, 29
13101, 29
13200, 29
13309, 29
13408, 29
13457, 29
13507, 29
13606, 29
13705, 29
13804, 29
13903, 29
14000, 29
14109, 29
14208, 29
14307, 29
14406, 29
14505, 29
14604, 29
14653, 29
14703, 29
14802, 29
14901, 29
15007, 29
15106, 29
15205, 29
15304, 29
15353, 29
15403, 29
15502, 29
15601, 29
15700, 29
15809, 29
15908, 29
16005, 29
16104, 29
16203, 29
16302, 29
16401, 29
16500, 29
16609, 29
16708, 29
16807, 29
16856, 29
16906, 29
17003, 29
17102, 29
17201, 29
17300, 29
17334, 29
17359, 29
17409, 29
17508, 29
17607, 29
17706, 29
17805, 29
17904, 29
18001, 29
18100, 29
18209, 29
18308, 29
18357, 29
18407, 29
18456, 29
18506, 29
18555, 29
18605, 29
18704, 29
18753, 29
18803, 29
18902, 29
19009, 29
19058, 29
19108, 29
19157, 29
19207, 29
19306, 29
19405, 29
19504, 29
19553, 29
19603, 29
19702, 29
19801, 29
19900, 29
19926, 29
19959, 29
20007, 29
20106, 29
20205, 29
20304, 29
20403, 29
20452, 29
20502, 29
20601, 29
20700, 29
20809, 29
20908, 29
21005, 29
21054, 29
21104, 29
21203, 29
21302, 29
21401, 29
21450, 29
21500, 29
21609, 29
21708, 29
21807, 29
21906, 29
22003, 29
22052, 29
22102, 29
22201, 29
22250, 29
22300, 29
22409, 29
22508, 29
22607, 29
22656, 29
22706, 29
22730, 29
22755, 29
22805, 29
22854, 29
22904, 29
23001, 29
23035, 29
23050, 29
23100, 29
23209, 29
23308, 29
23357, 29
23407, 29
23506, 29
23605, 29
23704, 29
23803, 29
23902, 29
24009, 29
24058, 29
24108, 29
24207, 29
24306, 29
24405, 29
24504, 29
24603, 29
24652, 29
24678, 29
24702, 29
24801, 29
24900, 29
25006, 29
25105, 29
25204, 29
25253, 29
25303, 29
25402, 29
25501, 29
25600, 29
25709, 29
25758, 29
25808, 29
25907, 29
25931, 29
25956, 29
26004, 29
26103, 29
26202, 29
26301, 29
26400, 29
26509, 29
26608, 29
26657, 29
26707, 29
26806, 29
26905, 29
27002, 29
27101, 29
27200, 29
27309, 29
27408, 29
27507, 29
27606, 29
27705, 29
27804, 29
27903, 29
28000, 29
28059, 29
28109, 29
28208, 29
28307, 29
28406, 29
28505, 29
28604, 29
28703, 29
28802, 29
28901, 29
28950, 29
29008, 29
29057, 29
29107, 29
29206, 29
29255, 29
29305, 29
29354, 29
29370, 29
29404, 29
29503, 29
29602, 29
29701, 29
29750, 29
29800, 29
29909, 29
30006, 29
30105, 29
30154, 29
30204, 29
30303, 29
30402, 29
30501, 29
30600, 29
30709, 29
30758, 29
30766, 29
30774, 29
30808, 29
30907, 29
31004, 29
31053, 29
31103, 29
31202, 29
31301, 29
31350, 29
31400, 29
31509, 29
31608, 29
31707, 29
31806, 29
31905, 29
32002, 29
32101, 29
32200, 29
32309, 29
32408, 29
32457, 29
32507, 29
32606, 29
32705, 29
32804, 29
32903, 29
33000, 29
33059, 29
33109, 29
33158, 29
33174, 29
33208, 29
33257, 29
33307, 29
33406, 29
33455, 29
33505, 29
33604, 29
104, 31
203, 31
302, 31
401, 31
500, 31
609, 31
708, 31
807, 31
906, 31
1003, 31
1102, 31
1201, 31
1300, 31
1409, 31
1508, 31
1607, 31
1631, 31
1706, 31
1805, 31
1904, 31
2001, 31
2050, 31
2100, 31
2209, 31
2308, 31
2407, 31
2506, 31
2605, 31
2704, 31
2803, 31
2852, 31
2902, 31
3009, 31
3108, 31
3207, 31
3306, 31
3405, 31
3504, 31
3603, 31
3702, 31
3751, 31
3801, 31
3900, 31
4007, 31
4106, 31
4205, 31
4304, 31
4403, 31
4452, 31
4502, 31
4601, 31
4700, 31
4809, 31
4908, 31
5004, 31
5103, 31
5202, 31
5301, 31
5400, 31
5509, 31
5608, 31
5707, 31
5905, 31
6002, 31
6101, 31
6200, 31
6309, 31
6408, 31
6507, 31
6606, 31
6655, 31
6705, 31
6804, 31
6903, 31
7000, 31
7109, 31
7208, 31
7307, 31
7406, 31
7505, 31
7604, 31
7703, 31
7802, 31
7901, 31
8008, 31
8107, 31
8206, 31
8255, 31
8305, 31
8404, 31
8503, 31
8552, 31
8602, 31
8701, 31
8800, 31
8909, 31
9006, 31
9105, 31
9204, 31
9253, 31
9303, 31
9402, 31
9451, 31
9501, 31
9600, 31
9709, 31
9808, 31
9907, 31
10004, 31
10103, 31
10202, 31
10301, 31
10400, 31
10509, 31
10608, 31
10707, 31
10806, 31
10905, 31
11002, 31
11101, 31
11150, 31
11200, 31
11309, 31
11408, 31
11507, 31
11606, 31
11705, 31
11804, 31
11903, 31
12000, 31
12059, 31
12109, 31
12208, 31
12307, 31
12406, 31
12505, 31
12604, 31
12653, 31
12703, 31
12802, 31
12901, 31
13008, 31
13107, 31
13206, 31
13305, 31
13404, 31
13503, 31
13602, 31
13701, 31
13800, 31
13909, 31
14006, 31
14105, 31
14204, 31
14303, 31
14402, 31
14501, 31
14550, 31
14600, 31
14709, 31
14808, 31
14907, 31
15003, 31
15102, 31
15201, 31
15300, 31
15359, 31
15409, 31
15458, 31
15474, 31
15508, 31
15607, 31
15706, 31
15805, 31
15904, 31
16001, 31
16100, 31
16159, 31
16209, 31
16308, 31
16407, 31
16506, 31
16605, 31
16704, 31
16803, 31
16902, 31
17009, 31
17108, 31
17207, 31
17306, 31
17405, 31
17504, 31
17603, 31
17702, 31
17801, 31
17836, 31
17876, 31
17900, 31
18007, 31
18106, 31
18205, 31
18304, 31
18403, 31
18502, 31
18601, 31
18700, 31
18809, 31
18908, 31
19005, 31
19104, 31
19203, 31
19302, 31
19401, 31
19500, 31
19609, 31
19708, 31
19807, 31
19906, 31
19955, 31
20003, 31
20102, 31
20151, 31
20201, 31
20300, 31
20409, 31
20508, 31
20607, 31
20706, 31
20805, 31
20839, 31
20870, 31
20904, 31
21001, 31
21100, 31
21209, 31
21258, 31
21308, 31
21407, 31
21506, 31
21605, 31
21704, 31
21803, 31
21902, 31
22009, 31
22108, 31
22207, 31
22306, 31
22355, 31
22405, 31
22454, 31
22470, 31
22504, 31
22603, 31
22702, 31
22801, 31
22900, 31
23007, 31
23106, 31
23205, 31
23304, 31
23403, 31
23502, 31
23528, 31
23601, 31
23700, 31
23809, 31
23858, 31
23908, 31
24005, 31
24104, 31
24203, 31
24302, 31
24401, 31
24500, 31
24609, 31
24708, 31
24807, 31
24906, 31
25002, 31
25101, 31
25200, 31
25309, 31
25408, 31
25507, 31
25606, 31
25705, 31
25804, 31
25903, 31
25952, 31
26000, 31
26109, 31
26208, 31
26307, 31
26406, 31
26505, 31
26604, 31
26703, 31
26752, 31
26802, 31
26901, 31
26950, 31
27008, 31
27057, 31
27073, 31
27107, 31
27206, 31
27305, 31
27339, 31
27354, 31
27370, 31
27388, 31
27404, 31
27503, 31
27602, 31
27701, 31
27800, 31
27909, 31
28006, 31
28105, 31
28204, 31
28253, 31
28303, 31
28402, 31
28501, 31
28600, 31
28709, 31
28808, 31
28907, 31
29004, 31
29103, 31
29202, 31
29301, 31
29400, 31
29509, 31
29608, 31
29657, 31
29707, 31
29806, 31
29905, 31
30002, 31
30051, 31
30101, 31
30200, 31
30309, 31
30408, 31
30507, 31
30556, 31
30606, 31
30655, 31
30705, 31
30804, 31
30903, 31
31000, 31
31109, 31
31158, 31
31208, 31
31307, 31
31406, 31
31505, 31
31604, 31
31703, 31
31802, 31
31901, 31
32008, 31
32107, 31
32206, 31
32305, 31
32404, 31
32503, 31
32602, 31
32701, 31
32800, 31
32909, 31
33006, 31
33105, 31
33204, 31
33303, 31
33402, 31
33501, 31
33600, 31
33709, 31
33758, 31
33808, 31
33907, 31
34004, 31
34103, 31
34202, 31
34301, 31
34400, 31
34509, 31
34608, 31
34707, 31
34806, 31
34905, 31
35001, 31
35050, 31
35076, 31
35100, 31
35209, 31
35308, 31
35357, 31
35407, 31
35456, 31
35506, 31
35605, 31
35704, 31
35803, 31
35902, 31
36009, 31
36108, 31
36207, 31
36306, 31
36405, 31
36504, 31
36520, 31
36553, 31
36579, 31
36603, 31
36652, 31
36702, 31
36801, 31
36900, 31
36959, 31
37007, 31
37106, 31
37205, 31
37304, 31
37403, 31
37502, 31
37536, 31
37601, 31
37700, 31
37809, 31
37908, 31
38005, 31
38104, 31
38203, 31
38302, 31
38351, 31
38401, 31
38500, 31
38609, 31
38625, 31
38658, 31
38674, 31
38682, 31
38708, 31
38807, 31
38906, 31
39003, 31
39102, 31
39201, 31
39250, 31
39300, 31
39409, 31
39508, 31
39607, 31
39706, 31
39805, 31
39904, 31
40001, 31
40100, 31
40159, 31
40209, 31
40308, 31
40407, 31
40506, 31
40530, 31
40555, 31
40605, 31
40704, 31
40803, 31
40852, 31
40902, 31
41009, 31
41108, 31
41207, 31
41306, 31
41405, 31
41504, 31
41603, 31
41702, 31
41801, 31
41900, 31
42007, 31
42106, 31
42205, 31
42254, 31
42304, 31
42403, 31
42502, 31
42601, 31
42700, 31
42809, 31
42908, 31
43005, 31
43104, 31
43153, 31
43203, 31
43302, 31
43401, 31
43450, 31
43500, 31
43609, 31
43708, 31
43807, 31
43906, 31
44003, 31
44102, 31
44201, 31
44300, 31
44359, 31
44375, 31
44409, 31
44508, 31
44607, 31
44656, 31
44672, 31
44706, 31
44805, 31
44904, 31
45000, 31
45059, 31
45109, 31
45208, 31
45307, 31
45356, 31
45372, 31
45406, 31
45455, 31
45505, 31
45604, 31
45703, 31
45802, 31
45851, 31
45877, 31
45901, 31
46008, 31
46107, 31
46206, 31
46255, 31
46305, 31
46404, 31
46503, 31
46552, 31
46602, 31
46701, 31
46750, 31
46909, 31
47006, 31
47105, 31
47204, 31
47303, 31
47402, 31
47501, 31
47600, 31
47709, 31
47808, 31
47907, 31
47956, 31
48004, 31
48103, 31
48202, 31
48301, 31
48400, 31
48509, 31
48608, 31
48707, 31
48756, 31
48806, 31
48905, 31
49002, 31
49101, 31
49150, 31
49200, 31
49309, 31
49408, 31
49507, 31
49606, 31
49705, 31
49804, 31
49903, 31
49952, 31
50000, 31
50109, 31
50158, 31
50208, 31
50307, 31
50406, 31
50505, 31
50539, 31
50570, 31
50604, 31
50703, 31
50802, 31
50901, 31
51008, 31
51107, 31
51206, 31
51305, 31
51404, 31
51503, 31
51602, 31
51701, 31
51800, 31
51909, 31
52006, 31
52105, 31
52131, 31
52170, 31
52204, 31
52303, 31
52402, 31
52501, 31
52600, 31
52709, 31
52808, 31
52907, 31
53004, 31
53103, 31
53202, 31
53301, 31
53400, 31
53509, 31
53608, 31
53707, 31
53806, 31
53905, 31
54002, 31
54101, 31
54150, 31
54200, 31
54309, 31
54408, 31
54457, 31
54507, 31
54606, 31
54705, 31
54804, 31
54903, 31
55009, 31
55108, 31
55207, 31
55306, 31
55405, 31
55504, 31
55603, 31
55702, 31
55801, 31
55900, 31
56007, 31
56106, 31
56205, 31
56304, 31
56403, 31
56452, 31
56502, 31
56601, 31
56700, 31
56809, 31
56908, 31
57005, 31
57104, 31
57203, 31
57252, 31
57278, 31
57302, 31
57336, 31
57377, 31
57401, 31
57500, 31
57609, 31
57658, 31
57708, 31
57807, 31
57906, 31
58003, 31
58102, 31
58201, 31
58300, 31
58409, 31
58508, 31
58607, 31
58706, 31
58805, 31
58904, 31
58953, 31
59001, 31
59100, 31
59209, 31
59308, 31
59357, 31
59407, 31
59506, 31
59605, 31
59704, 31
59803, 31
59902, 31
60009, 31
60108, 31
60207, 31
60306, 31
60405, 31
60454, 31
60504, 31
60603, 31
60702, 31
60801, 31
60900, 31
60959, 31
61007, 31
61056, 31
61106, 31
61205, 31
61304, 31
61403, 31
61502, 31
61601, 31
61650, 31
61700, 31
61809, 31
61908, 31
62005, 31
62104, 31
62203, 31
62252, 31
62302, 31
62401, 31
62450, 31
62500, 31
62559, 31
62575, 31
62609, 31
62658, 31
62708, 31
62807, 31
62906, 31
62922, 31
62948, 31
62955, 31
63003, 31
63102, 31
63201, 31
63300, 31
63409, 31
63508, 31
63607, 31
63706, 31
63805, 31
63904, 31
64001, 31
64100, 31
64209, 31
64308, 31
64407, 31
64431, 31
64472, 31
64506, 31
64605, 31
64704, 31
64803, 31
64902, 31
65008, 31
65107, 31
65206, 31
65305, 31
65404, 31
65503, 31
65537, 31
65552, 31
65560, 31
65578, 31
65602, 31
65701, 31
65800, 31
65909, 31
66006, 31
66105, 31
66204, 31
66303, 31
66402, 31
66501, 31
66600, 31
66709, 31
66808, 31
66907, 31
66956, 31
67004, 31
67103, 31
67202, 31
67301, 31
67400, 31
67509, 31
67608, 31
67707, 31
67806, 31
67905, 31
68002, 31
68051, 31
68101, 31
68200, 31
68309, 31
68408, 31
68507, 31
68606, 31
68705, 31
68804, 31
68903, 31
69000, 31
69059, 31
69109, 31
69208, 31
69307, 31
69356, 31
69406, 31
69505, 31
69604, 31
69703, 31
69802, 31
69901, 31
70008, 31
70057, 31
70107, 31
70206, 31
70305, 31
70404, 31
70438, 31
70479, 31
70503, 31
70529, 31
70578, 31
70602, 31
70651, 31
70701, 31
70750, 31
70800, 31
70909, 31
71006, 31
71030, 31
71071, 31
71105, 31
71154, 31
71204, 31
71303, 31
71402, 31
71501, 31
71600, 31
71709, 31
71808, 31
71907, 31
72004, 31
72103, 31
72202, 31
102, 32
136, 32
169, 32
201, 32
300, 32
359, 32
409, 32
508, 32
607, 32
706, 32
805, 32
904, 32
1001, 32
1100, 32
1159, 32
1209, 32
1308, 32
1407, 32
1506, 32
1605, 32
1704, 32
1803, 32
1902, 32
2009, 32
2108, 32
2207, 32
2256, 32
2306, 32
2405, 32
2454, 32
2504, 32
2553, 32
2603, 32
2652, 32
2702, 32
2801, 32
2900, 32
3007, 32
3056, 32
3106, 32
3130, 32
3163, 32
3205, 32
3304, 32
3320, 32
3346, 32
3353, 32
3403, 32
3502, 32
3601, 32
3700, 32
3809, 32
3908, 32
4005, 32
4054, 32
4104, 32
4203, 32
4252, 32
4302, 32
4351, 32
4401, 32
4500, 32
4559, 32
4609, 32
4658, 32
4708, 32
4807, 32
4906, 32
4955, 32
5002, 32
5010, 32
5036, 32
5069, 32
5101, 32
5150, 32
5176, 32
5200, 32
5309, 32
100, 33
159, 33
209, 33
225, 33
233, 33
258, 33
308, 33
407, 33
456, 33
506, 33
605, 33
704, 33
803, 33
902, 33
936, 33
951, 33
1009, 33
1108, 33
1157, 33
1207, 33
1306, 33
1405, 33
1504, 33
1603, 33
1702, 33
1801, 33
1850, 33
1876, 33
1900, 33
2007, 33
2056, 33
2106, 33
2205, 33
2254, 33
2270, 33
2304, 33
2403, 33
2452, 33
2502, 33
2601, 33
2700, 33
2809, 33
2858, 33
2908, 33
3005, 33
3104, 33
3203, 33
3302, 33
3401, 33
3500, 33
3609, 33
3708, 33
3807, 33
3856, 33
3906, 33
3955, 33
4003, 33
4102, 33
4110, 33
4128, 33
4144, 33
4151, 33
4201, 33
4300, 33
4409, 33
4508, 33
4524, 33
4557, 33
4607, 33
4706, 33
4755, 33
4805, 33
4904, 33
5000, 33
5109, 33
5133, 33
5158, 33
5208, 33
5307, 33
5406, 33
5505, 33
5554, 33
5604, 33
5703, 33
5752, 33
5802, 33
5901, 33
6008, 33
6107, 33
6156, 33
6206, 33
6305, 33
105, 35
204, 35
303, 35
402, 35
501, 35
550, 35
600, 35
709, 35
758, 35
808, 35
907, 35
1004, 35
1103, 35
1152, 35
1202, 35
1301, 35
1400, 35
1509, 35
1608, 35
1707, 35
1806, 35
1905, 35
2002, 35
2101, 35
2200, 35
2309, 35
2408, 35
2507, 35
2606, 35
2705, 35
2754, 35
2804, 35
2903, 35
3000, 35
3109, 35
3158, 35
3208, 35
3307, 35
3356, 35
3406, 35
3505, 35
3604, 35
3703, 35
3802, 35
3901, 35
3950, 35
4008, 35
4107, 35
4206, 35
4305, 35
4404, 35
4503, 35
4602, 35
4701, 35
4800, 35
4909, 35
5005, 35
5104, 35
5203, 35
5302, 35
5351, 35
5401, 35
5500, 35
5609, 35
5708, 35
5807, 35
5906, 35
6003, 35
6102, 35
6201, 35
6300, 35
6359, 35
6409, 35
6508, 35
6607, 35
6706, 35
6805, 35
6904, 35
7001, 35
7100, 35
7159, 35
7209, 35
7308, 35
7407, 35
7456, 35
7506, 35
7605, 35
7704, 35
7753, 35
7803, 35
7902, 35
8009, 35
8108, 35
8207, 35
8306, 35
8405, 35
8504, 35
8603, 35
8702, 35
8801, 35
8900, 35
9007, 35
9106, 35
9205, 35
9254, 35
9304, 35
9403, 35
9452, 35
9502, 35
9601, 35
9700, 35
9809, 35
9908, 35
9957, 35
10005, 35
10104, 35
10153, 35
10203, 35
10302, 35
10401, 35
10500, 35
10609, 35
10708, 35
10807, 35
10906, 35
11003, 35
11102, 35
11201, 35
11300, 35
11409, 35
11508, 35
11607, 35
11706, 35
11904, 35
12001, 35
12100, 35
12209, 35
12308, 35
12407, 35
12506, 35
12605, 35
12704, 35
12803, 35
12902, 35
13009, 35
13108, 35
13207, 35
13306, 35
13405, 35
13504, 35
13603, 35
13702, 35
13801, 35
13850, 35
13900, 35
14007, 35
14106, 35
14205, 35
14304, 35
14403, 35
14502, 35
14601, 35
14700, 35
14809, 35
14908, 35
14924, 35
14957, 35
15004, 35
15103, 35
15129, 35
15152, 35
15186, 35
15194, 35
15202, 35
15301, 35
15350, 35
15400, 35
15509, 35
15608, 35
15657, 35
15707, 35
15806, 35
15905, 35
16002, 35
16101, 35
16200, 35
16309, 35
16408, 35
16507, 35
16606, 35
16705, 35
16804, 35
16853, 35
16903, 35
17000, 35
17109, 35
17208, 35
17307, 35
17406, 35
17505, 35
17604, 35
17703, 35
17802, 35
17901, 35
18008, 35
18107, 35
18206, 35
18305, 35
18404, 35
18503, 35
18602, 35
18701, 35
18800, 35
18859, 35
18909, 35
19006, 35
19055, 35
19071, 35
19105, 35
19204, 35
19253, 35
19303, 35
19402, 35
19501, 35
19600, 35
19709, 35
19808, 35
19907, 35
20004, 35
20103, 35
20202, 35
20301, 35
20400, 35
20426, 35
20442, 35
20509, 35
20608, 35
20707, 35
20806, 35
20905, 35
21002, 35
21101, 35
21150, 35
21200, 35
21309, 35
21408, 35
21507, 35
21606, 35
21705, 35
21804, 35
21903, 35
22000, 35
22109, 35
22158, 35
22208, 35
22307, 35
22406, 35
22505, 35
22604, 35
22653, 35
22703, 35
22802, 35
22901, 35
23008, 35
23107, 35
23206, 35
23305, 35
23404, 35
23503, 35
23602, 35
23701, 35
23800, 35
23909, 35
24006, 35
24105, 35
24204, 35
24303, 35
24402, 35
24501, 35
24600, 35
24709, 35
24808, 35
24907, 35
25003, 35
25102, 35
25201, 35
25300, 35
25409, 35
25508, 35
25607, 35
25706, 35
25805, 35
25854, 35
25904, 35
26001, 35
26100, 35
26209, 35
26308, 35
26407, 35
26506, 35
26605, 35
26704, 35
26803, 35
26902, 35
27009, 35
27108, 35
27207, 35
27256, 35
27306, 35
27405, 35
27504, 35
27603, 35
27702, 35
27801, 35
27900, 35
28007, 35
28106, 35
28205, 35
28304, 35
28403, 35
28502, 35
28601, 35
28700, 35
28809, 35
28858, 35
28908, 35
29005, 35
29104, 35
29203, 35
29302, 35
29401, 35
29500, 35
29609, 35
29658, 35
29708, 35
29807, 35
29906, 35
30003, 35
30102, 35
30201, 35
30300, 35
30409, 35
30508, 35
30607, 35
30706, 35
30805, 35
30904, 35
31001, 35
31100, 35
31209, 35
31308, 35
31407, 35
31506, 35
31605, 35
31704, 35
31803, 35
31902, 35
32009, 35
32058, 35
32108, 35
32157, 35
32207, 35
32306, 35
32405, 35
32504, 35
32603, 35
32702, 35
32801, 35
32827, 35
32843, 35
32868, 35
32900, 35
33007, 35
33106, 35
33205, 35
33254, 35
33304, 35
33403, 35
33502, 35
33601, 35
33700, 35
33809, 35
33908, 35
34005, 35
34104, 35
34203, 35
34302, 35
34401, 35
34500, 35
34609, 35
34708, 35
34757, 35
34807, 35
34906, 35
35002, 35
35101, 35
35200, 35
35309, 35
35408, 35
35507, 35
35606, 35
35705, 35
35804, 35
35903, 35
36000, 35
36109, 35
36208, 35
36257, 35
36307, 35
36406, 35
36505, 35
36570, 35
36604, 35
36703, 35
36802, 35
36901, 35
37008, 35
37107, 35
37156, 35
37206, 35
37305, 35
37404, 35
37503, 35
37602, 35
37701, 35
37800, 35
37909, 35
38006, 35
38105, 35
38204, 35
38303, 35
38501, 35
38600, 35
38709, 35
38808, 35
38907, 35
39004, 35
39103, 35
39202, 35
39301, 35
39400, 35
39509, 35
39608, 35
39707, 35
39806, 35
39905, 35
40002, 35
40101, 35
40200, 35
40259, 35
40309, 35
40408, 35
40507, 35
40606, 35
40705, 35
40754, 35
40804, 35
40853, 35
40903, 35
41000, 35
41059, 35
41109, 35
41208, 35
41307, 35
41406, 35
41505, 35
41604, 35
41653, 35
41703, 35
41802, 35
41901, 35
42008, 35
42107, 35
42206, 35
42305, 35
42404, 35
42503, 35
42602, 35
42701, 35
42800, 35
42909, 35
43006, 35
43105, 35
43204, 35
43238, 35
43253, 35
43303, 35
43402, 35
43501, 35
43600, 35
43709, 35
43808, 35
43907, 35
44004, 35
44103, 35
44202, 35
44251, 35
44301, 35
44400, 35
44509, 35
44608, 35
44707, 35
44806, 35
44905, 35
45001, 35
45100, 35
45159, 35
45209, 35
45308, 35
45407, 35
45506, 35
45605, 35
45704, 35
45803, 35
46009, 35
46108, 35
46207, 35
46256, 35
46306, 35
46405, 35
46504, 35
46603, 35
46702, 35
46801, 35
46900, 35
47007, 35
47106, 35
47205, 35
47304, 35
47403, 35
47502, 35
47601, 35
47650, 35
47700, 35
47809, 35
47908, 35
48005, 35
48054, 35
48104, 35
48203, 35
48302, 35
48401, 35
48500, 35
48609, 35
48708, 35
48807, 35
48906, 35
49003, 35
49102, 35
49201, 35
49250, 35
49300, 35
49409, 35
49508, 35
49607, 35
49706, 35
49805, 35
49904, 35
49953, 35
50001, 35
50100, 35
50209, 35
50308, 35
50407, 35
50506, 35
50605, 35
50704, 35
50803, 35
50902, 35
51009, 35
51108, 35
51207, 35
51306, 35
51405, 35
51504, 35
51603, 35
51702, 35
51801, 35
51900, 35
52007, 35
52106, 35
52205, 35
52304, 35
52403, 35
52502, 35
52551, 35
52601, 35
52700, 35
52809, 35
52908, 35
53005, 35
53104, 35
53203, 35
53302, 35
53401, 35
53500, 35
53609, 35
53658, 35
53708, 35
53807, 35
53856, 35
53906, 35
53955, 35
54003, 35
54102, 35
54201, 35
54300, 35
54409, 35
54508, 35
54607, 35
54656, 35
54706, 35
54755, 35
54805, 35
54904, 35
54953, 35
55000, 35
55109, 35
55208, 35
55307, 35
55356, 35
55406, 35
55505, 35
55604, 35
55703, 35
55802, 35
55901, 35
56008, 35
56107, 35
56206, 35
56305, 35
56354, 35
56404, 35
56453, 35
56503, 35
56602, 35
56701, 35
56800, 35
56909, 35
56958, 35
57006, 35
57105, 35
57154, 35
57204, 35
57303, 35
103, 41
202, 41
301, 41
400, 41
459, 41
509, 41
608, 41
707, 41
806, 41
905, 41
1002, 41
1051, 41
1101, 41
1150, 41
1200, 41
1309, 41
1408, 41
1507, 41
1606, 41
1655, 41
1705, 41
1804, 41
1853, 41
1903, 41
2000, 41
2109, 41
2208, 41
2307, 41
2406, 41
2505, 41
2604, 41
2703, 41
2752, 41
2802, 41
2901, 41
3008, 41
3024, 41
3040, 41
3057, 41
3107, 41
3156, 41
3206, 41
3222, 41
3305, 41
3354, 41
3370, 41
3404, 41
3453, 41
3479, 41
3503, 41
3602, 41
3701, 41
3800, 41
3909, 41
3958, 41
4006, 41
4055, 41
4105, 41
4204, 41
4253, 41
4303, 41
4402, 41
4428, 41
4451, 41
4501, 41
4600, 41
4659, 41
4709, 41
4808, 41
4907, 41
5003, 41
5102, 41
5201, 41
5300, 41
5409, 41
5508, 41
5607, 41
5706, 41
5805, 41
5904, 41
6001, 41
6100, 41
6209, 41
6308, 41
6407, 41
6456, 41
6506, 41
6555, 41
6571, 41
6605, 41
6704, 41
6803, 41
6852, 41
6902, 41
7009, 41
7108, 41
7124, 41
7157, 41
7207, 41
7256, 41
7306, 41
7405, 41
7504, 41
7520, 41
7538, 41
7546, 41
7553, 41
7603, 41
7652, 41
7702, 41
7736, 41
7751, 41
7801, 41
7850, 41
7900, 41
8007, 41
8106, 41
8205, 41
8304, 41
8320, 41
8403, 41
8452, 41
8502, 41
8551, 41
8601, 41
8650, 41
8700, 41
8809, 41
8908, 41
8957, 41
9005, 41
9104, 41
9203, 41
9302, 41
9401, 41
9500, 41
9609, 41
9658, 41
9708, 41
9757, 41
9807, 41
9906, 41
10003, 41
10052, 41
10078, 41
10102, 41
10201, 41
10300, 41
10409, 41
10508, 41
10607, 41
10656, 41
10706, 41
10805, 41
10904, 41
10953, 41
11001, 41
11100, 41
11209, 41
11258, 41
11308, 41
11407, 41
11506, 41
11555, 41
11605, 41
11704, 41
11803, 41
11902, 41
12009, 41
12108, 41
12207, 41
12306, 41
12405, 41
12504, 41
12603, 41
12702, 41
12751, 41
12801, 41
12900, 41
12959, 41
13007, 41
13106, 41
13205, 41
13254, 41
13304, 41
13403, 41
13429, 41
13452, 41
13502, 41
13601, 41
13700, 41
13734, 41
13759, 41
13809, 41
13908, 41
14005, 41
14104, 41
14203, 41
14302, 41
14351, 41
14401, 41
14500, 41
14609, 41
14708, 41
14807, 41
14906, 41
15002, 41
15101, 41
15200, 41
15309, 41
15358, 41
15408, 41
15457, 41
15507, 41
15606, 41
15705, 41
15739, 41
15754, 41
15804, 41
15853, 41
15903, 41
16000, 41
16059, 41
16109, 41
16208, 41
16307, 41
16406, 41
16505, 41
16604, 41
16703, 41
16802, 41
16901, 41
16950, 41
17008, 41
17057, 41
17107, 41
17206, 41
17214, 41
17222, 41
17255, 41
17271, 41
17297, 41
17305, 41
17404, 41
17453, 41
17503, 41
17602, 41
17701, 41
17800, 41
17909, 41
18006, 41
18105, 41
18204, 41
18303, 41
18402, 41
18451, 41
18501, 41
18600, 41
18709, 41
18808, 41
18857, 41
18907, 41
19004, 41
19103, 41
19152, 41
19202, 41
19251, 41
19301, 41
19400, 41
19509, 41
19608, 41
19657, 41
19707, 41
19806, 41
19905, 41
19954, 41
20002, 41
20101, 41
20150, 41
20200, 41
20309, 41
20333, 41
20358, 41
20408, 41
20507, 41
20606, 41
20655, 41
20705, 41
20804, 41
20853, 41
20903, 41
21000, 41
21109, 41
21208, 41
21257, 41
21307, 41
21356, 41
21406, 41
21505, 41
21604, 41
21703, 41
21752, 41
21802, 41
21901, 41
22008, 41
22107, 41
22156, 41
22172, 41
22206, 41
22305, 41
22404, 41
22503, 41
22602, 41
22651, 41
22701, 41
22800, 41
22909, 41
23006, 41
23105, 41
23204, 41
23303, 41
23402, 41
23501, 41
23600, 41
23709, 41
23808, 41
23824, 41
23857, 41
23907, 41
23956, 41
24004, 41
24020, 41
24053, 41
24103, 41
24202, 41
24301, 41
24400, 41
24509, 41
24608, 41
24707, 41
24806, 41
24905, 41
25001, 41
25100, 41
25209, 41
25308, 41
25357, 41
25407, 41
25456, 41
25506, 41
25555, 41
25605, 41
25704, 41
25753, 41
25803, 41
25902, 41
26009, 41
26108, 41
26207, 41
26256, 41
26272, 41
26306, 41
26355, 41
26405, 41
26504, 41
26603, 41
26652, 41
26678, 41
26702, 41
26801, 41
26900, 41
27007, 41
27106, 41
27205, 41
27304, 41
27403, 41
27502, 41
27601, 41
27700, 41
27809, 41
27858, 41
27882, 41
27908, 41
27957, 41
27965, 41
28005, 41
28104, 41
28203, 41
28302, 41
28401, 41
28500, 41
28534, 41
28559, 41
28609, 41
28625, 41
28633, 41
28658, 41
28708, 41
28807, 41
51, 42
101, 42
200, 42
309, 42
408, 42
507, 42
556, 42
606, 42
705, 42
754, 42
804, 42
903, 42
1000, 42
1109, 42
1208, 42
1257, 42
1273, 42
1307, 42
1406, 42
1505, 42
1604, 42
1653, 42
1703, 42
1802, 42
1901, 42
1950, 42
2008, 42
2057, 42
2073, 42
2081, 42
2099, 42
2107, 42
2131, 42
2156, 42
2206, 42
2305, 42
2404, 42
2438, 42
2453, 42
2503, 42
2537, 42
2578, 42
2602, 42
2701, 42
2800, 42
2859, 42
2875, 42
2909, 42
3006, 42
3105, 42
3154, 42
3204, 42
3253, 42
3303, 42
3402, 42
3501, 42
3600, 42
3709, 42
3808, 42
3907, 42
3956, 42
4004, 42
4103, 42
4152, 42
4178, 42
4194, 42
4202, 42
4251, 42
4301, 42
4350, 42
4400, 42
4459, 42
4509, 42
4558, 42
4608, 42
4707, 42
4756, 42
4806, 42
4905, 42
5001, 42
5100, 42
5159, 42
5175, 42
5191, 42
5209, 42
5308, 42
5357, 42
5407, 42
5431, 42
5456, 42
5506, 42
5555, 42
5605, 42
5704, 42
5803, 42
5902, 42
6009, 42
6108, 42
6207, 42
6306, 42
6405, 42
6504, 42
6603, 42
6652, 42
6702, 42
6751, 42
6801, 42
6900, 42
7007, 42
7106, 42
7205, 42
7304, 42
7403, 42
7502, 42
7577, 42
7601, 42
7650, 42
7684, 42
7700, 42
7759, 42
7809, 42
7858, 42
7908, 42
8005, 42
8104, 42
8203, 42
8302, 42
8401, 42
8450, 42
8500, 42
8609, 42
8708, 42
8807, 42
8906, 42
8955, 42
9003, 42
9102, 42
9151, 42
9177, 42
9201, 42
9300, 42
9409, 42
9458, 42
9508, 42
9607, 42
9706, 42
9805, 42
9854, 42
9904, 42
10001, 42
10035, 42
10050, 42
10100, 42
10209, 42
10308, 42
10407, 42
10506, 42
10555, 42
10605, 42
10704, 42
10803, 42
10852, 42
10902, 42
11009, 42
11058, 42
11108, 42
11207, 42
11256, 42
11306, 42
11405, 42
11454, 42
11504, 42
11603, 42
11652, 42
11702, 42
11751, 42
11801, 42
11850, 42
11876, 42
11892, 42
11900, 42
12007, 42
12056, 42
12106, 42
12205, 42
12239, 42
12254, 42
12270, 42
12304, 42
12403, 42
12502, 42
12601, 42
12650, 42
12700, 42
12809, 42
12908, 42
13005, 42
13104, 42
13153, 42
13203, 42
13302, 42
13351, 42
13401, 42
13500, 42
13609, 42
13708, 42
13807, 42
13906, 42
14003, 42
14102, 42
14151, 42
14201, 42
14300, 42
14409, 42
14508, 42
14607, 42
14706, 42
14805, 42
14904, 42
15000, 42
15059, 42
15075, 42
15109, 42
15208, 42
15307, 42
15356, 42
15406, 42
15455, 42
15505, 42
15554, 42
15604, 42
15653, 42
15679, 42
15687, 42
15695, 42
15703, 42
15752, 42
15802, 42
15901, 42
16008, 42
16057, 42
16107, 42
16206, 42
16255, 42
16305, 42
16354, 42
16404, 42
16503, 42
16602, 42
16701, 42
16800, 42
16909, 42
17006, 42
17105, 42
17154, 42
17204, 42
17253, 42
17303, 42
17402, 42
17501, 42
17550, 42
17600, 42
17709, 42
17758, 42
17808, 42
17907, 42
17956, 42
18004, 42
18103, 42
18202, 42
18251, 42
18301, 42
18350, 42
18400, 42
18509, 42
18608, 42
18707, 42
18756, 42
18806, 42
18855, 42
18905, 42
18954, 42
19002, 42
19101, 42
19150, 42
19176, 42
19200, 42
19309, 42
19358, 42
19408, 42
19507, 42
19606, 42
19705, 42
19853, 42
20000, 42
34, 43
59, 43
109, 43
208, 43
307, 43
406, 43
455, 43
471, 43
505, 43
554, 43
570, 43
604, 43
638, 43
646, 43
661, 43
703, 43
802, 43
851, 43
877, 43
901, 43
1008, 43
1057, 43
1073, 43
1107, 43
1206, 43
1305, 43
1404, 43
1503, 43
1552, 43
1602, 43
1636, 43
1651, 43
1701, 43
1750, 43
1800, 43
1859, 43
1875, 43
1909, 43
1925, 43
1958, 43
2006, 43
2055, 43
2105, 43
2154, 43
2204, 43
2220, 43
2238, 43
2253, 43
2303, 43
2352, 43
2378, 43
2402, 43
2451, 43
2501, 43
2584, 43
2600, 43
2659, 43
2709, 43
2808, 43
2907, 43
3004, 43
3103, 43
3202, 43
3301, 43
3400, 43
3509, 43
3558, 43
3608, 43
3673, 43
3707, 43
3806, 43
3905, 43
4002, 43
4101, 43
4200, 43
4309, 43
4358, 43
4408, 43
4507, 43
4606, 43
4614, 43
4622, 43
4630, 43
4655, 43
4663, 43
4671, 43
4689, 43
4697, 43
4705, 43
4713, 43
4804, 43
4853, 43
4903, 43
4952, 43
5009, 43
5108, 43
5116, 43
5124, 43
5132, 43
5157, 43
5173, 43
5207, 43
5306, 43
5355, 43
5371, 43
5405, 43
5439, 43
5447, 43
5454, 43
5504, 43
5587, 43
5603, 43
5702, 43
5801, 43
5835, 43
5850, 43
5871, 43
5900, 43
5934, 43
5959, 43
5975, 43
6007, 43
6056, 43
6072, 43
6106, 43
6130, 43
6205, 43
6304, 43
6320, 43
6353, 43
6379, 43
6403, 43
6429, 43
6452, 43
6502, 43
6551, 43
6601, 43
6700, 43
6734, 43
6759, 43
6767, 43
6809, 43
6908, 43
6924, 43
6932, 43
6957, 43
6973, 43
7005, 43
7054, 43
7104, 43
7203, 43
7302, 43
7401, 43
7450, 43
7500, 43
7559, 43
7609, 43
7708, 43
7807, 43
7815, 43
7831, 43
7864, 43
7906, 43
8003, 43
8052, 43
8078, 43
8102, 43
8201, 43
8250, 43
8300, 43
8409, 43
8433, 43
8458, 43
8508, 43
8607, 43
8656, 43
8706, 43
8805, 43
8854, 43
8904, 43
9001, 43
9050, 43
9100, 43
9126, 43
9159, 43
9209, 43
9258, 43
9308, 43
9407, 43
9506, 43
9555, 43
9571, 43
9605, 43
9654, 43
9704, 43
9753, 43
9803, 43
9902, 43
9951, 43
10009, 43
10108, 43
10207, 43
10306, 43
10330, 43
10363, 43
10405, 43
10413, 43
10439, 43
10462, 43
10504, 43
10538, 43
10553, 43
10579, 43
10603, 43
10652, 43
10702, 43
10751, 43
10801, 43
10850, 43
10876, 43
10900, 43
11007, 43
11106, 43
11122, 43
11130, 43
11155, 43
11205, 43
11239, 43
11254, 43
11270, 43
11304, 43
11403, 43
11429, 43
11502, 43
11601, 43
11627, 43
11643, 43
11700, 43
11718, 43
11734, 43
11759, 43
11775, 43
11791, 43
11809, 43
11908, 43
11981, 43
12005, 43
12054, 43
12104, 43
12138, 43
12153, 43
12179, 43
12203, 43
12252, 43
12302, 43
12351, 43
12377, 43
12385, 43
12401, 43
12427, 43
12443, 43
12450, 43
12476, 43
12500, 43
12609, 43
12617, 43
12625, 43
12658, 43
12674, 43
12708, 43
12757, 43
12807, 43
12906, 43
12955, 43
13003, 43
13011, 43
13037, 43
13060, 43
13086, 43
13102, 43
13201, 43
13300, 43
13334, 43
13359, 43
13375, 43
13391, 43
13409, 43
13425, 43
13441, 43
13466, 43
13490, 43
13508, 43
13607, 43
13656, 43
13706, 43
13805, 43
13904, 43
13953, 43
14001, 43
14027, 43
14035, 43
14050, 43
14068, 43
14076, 43
14100, 43
14134, 43
14159, 43
14175, 43
14209, 43
14308, 43
14407, 43
14423, 43
14456, 43
14464, 43
14472, 43
14498, 43
14506, 43
14548, 43
14555, 43
14605, 43
14704, 43
14753, 43
14779, 43
14787, 43
14803, 43
14902, 43
15008, 43
15057, 43
15073, 43
15107, 43
15131, 43
15149, 43
15156, 43
15172, 43
15206, 43
15305, 43
15313, 43
15321, 43
15354, 43
15404, 43
15453, 43
15503, 43
15552, 43
15602, 43
15701, 43
15750, 43
15800, 43
15909, 43
15958, 43
16006, 43
16105, 43
16204, 43
16303, 43
16402, 43
16428, 43
16436, 43
16451, 43
16477, 43
16501, 43
16600, 43
16709, 43
16733, 43
16758, 43
16808, 43
16907, 43
16956, 43
16972, 43
17004, 43
17103, 43
17202, 43
17251, 43
17301, 43
17400, 43
17509, 43
17558, 43
17608, 43
17707, 43
17756, 43
17806, 43
17905, 43
17954, 43
18002, 43
18051, 43
18101, 43
18200, 43
18309, 43
18408, 43
18424, 43
18432, 43
18440, 43
18457, 43
18465, 43
18481, 43
18499, 43
18507, 43
18606, 43
18614, 43
18622, 43
18705, 43
18804, 43
18903, 43
19000, 43
19109, 43
19125, 43
19158, 43
19208, 43
19307, 43
19356, 43
19364, 43
19372, 43
19406, 43
19505, 43
19604, 43
19703, 43
19711, 43
19737, 43
19752, 43
19802, 43
19901, 43
20008, 43
20107, 43
20206, 43
20230, 43
20263, 43
20305, 43
20321, 43
20354, 43
20404, 43
20453, 43
20503, 43
20552, 43
20578, 43
20602, 43
20651, 43
20677, 43
20701, 43
20800, 43
20859, 43
20909, 43
21006, 43
21105, 43
21204, 43
21303, 43
21329, 43
21352, 43
21402, 43
21436, 43
21451, 43
21469, 43
21477, 43
21493, 43
21501, 43
21600, 43
21626, 43
21634, 43
21667, 43
21709, 43
21808, 43
21832, 43
21857, 43
21907, 43
21956, 43
22004, 43
22103, 43
22152, 43
22186, 43
22202, 43
22251, 43
22301, 43
22327, 43
22343, 43
22350, 43
22376, 43
22400, 43
22509, 43
22525, 43
22533, 43
22541, 43
22558, 43
22608, 43
22707, 43
22806, 43
22855, 43
22905, 43
23002, 43
23101, 43
23200, 43
23309, 43
23358, 43
23408, 43
23457, 43
23507, 43
23606, 43
23705, 43
23754, 43
23770, 43
23804, 43
203, 50
252, 50
609, 50
708, 50
807, 50
856, 50
906, 50
1003, 50
1102, 50
1243, 50
1508, 50
1904, 50
2001, 50
2100, 50
2159, 50
2209, 50
2308, 50
2407, 50
2605, 50
2704, 50
2803, 50
2902, 50
2951, 50
3108, 50
3157, 50
3207, 50
3256, 50
3306, 50
3454, 50
3488, 50
3504, 50
3702, 50
3751, 50
3801, 50
3900, 50
4007, 50
4106, 50
4304, 50
4403, 50
4502, 50
4601, 50
4700, 50
4809, 50
4908, 50
5004, 50
5103, 50
5152, 50
5202, 50
5251, 50
5400, 50
5608, 50
5681, 50
5707, 50
5806, 50
6002, 50
6200, 50
6259, 50
6275, 50
6309, 50
6358, 50
6408, 50
6606, 50
6903, 50
7109, 50
7208, 50
7307, 50
7406, 50
7505, 50
7554, 50
7695, 50
7703, 50
7802, 50
7901, 50
7935, 50
7950, 50
7976, 50
8008, 50
8305, 50
8404, 50
102, 51
201, 51
250, 51
300, 51
359, 51
409, 51
508, 51
607, 51
805, 51
1001, 51
1209, 51
1258, 51
1308, 51
1407, 51
1605, 51
1704, 51
1803, 51
1852, 51
1902, 51
2504, 51
2603, 51
2637, 51
2678, 51
2686, 51
2694, 51
2702, 51
2793, 51
2850, 51
3007, 51
3056, 51
3106, 51
3205, 51
3254, 51
3304, 51
3353, 51
3361, 51
3379, 51
3403, 51
3437, 51
3452, 51
3502, 51
3601, 51
3700, 51
3809, 51
3858, 51
3908, 51
3957, 51
4104, 51
4203, 51
4500, 51
4526, 51
4542, 51
4559, 51
4609, 51
4807, 51
4906, 51
5002, 51
5101, 51
5150, 51
5176, 51
5200, 51
5234, 51
5259, 51
5309, 51
5507, 51
5580, 51
5606, 51
5622, 51
5903, 51
6000, 51
6109, 51
6158, 51
6174, 51
6182, 51
6190, 51
6208, 51
6216, 51
6224, 51
6232, 51
6240, 51
6257, 51
6265, 51
6273, 51
6281, 51
6299, 51
6307, 51
6315, 51
6372, 51
6422, 51
6455, 51
6505, 51
6653, 51
6703, 51
6752, 51
6778, 51
6802, 51
6828, 51
6851, 51
7008, 51
7040, 51
7065, 51
7107, 51
7156, 51
7180, 51
7198, 51
7206, 51
7248, 51
7263, 51
7297, 51
7305, 51
7354, 51
7404, 51
7578, 51
7602, 51
7701, 51
7743, 51
7750, 51
7768, 51
7776, 51
7792, 51
7800, 51
7859, 51
7875, 51
7883, 51
7909, 51
7925, 51
7941, 51
7958, 51
8006, 51
8055, 51
8105, 51
8204, 51
8303, 51
8352, 51
8402, 51
8501, 51
8600, 51
8808, 51
8857, 51
8907, 51
8956, 51
50, 52
100, 52
134, 52
159, 52
175, 52
209, 52
258, 52
308, 52
506, 52
555, 52
605, 52
803, 52
829, 52
852, 52
902, 52
1108, 52
1207, 52
1306, 52
1405, 52
1454, 52
1504, 52
1603, 52
1702, 52
1801, 52
2155, 52
2353, 52
2502, 52
2601, 52
2809, 52
3104, 52
3203, 52
3302, 52
3401, 52
3500, 52
3559, 52
3575, 52
3609, 52
3807, 52
3906, 52
3939, 52
3962, 52
4003, 52
4102, 52
4201, 52
4250, 52
4300, 52
4409, 52
4508, 52
4557, 52
4607, 52
4656, 52
4706, 52
4805, 52
4854, 52
4904, 52
4953, 52
5000, 52
5059, 52
5109, 52
5208, 52
5307, 52
5406, 52
5455, 52
5471, 52
5497, 52
5513, 52
5521, 52
5703, 52
5802, 52
5901, 52
6206, 52
6305, 52
6404, 52
6503, 52
6602, 52
6701, 52
6800, 52
6909, 52
7105, 52
7253, 52
7352, 52
7402, 52
7501, 52
7535, 52
7600, 52
7808, 52
7907, 52
8004, 52
8103, 52
8152, 52
8301, 52
8400, 52
8509, 52
8608, 52
8707, 52
8806, 52
8905, 52
9101, 52
9150, 52
9200, 52
9291, 52
9408, 52
9457, 52
9606, 52
9705, 52
9804, 52
9903, 52
9937, 52
9952, 52
10000, 52
10109, 52
10158, 52
10208, 52
10307, 52
10406, 52
10562, 52
10604, 52
10802, 52
10901, 52
11008, 52
11206, 52
11305, 52
11404, 52
11503, 52
11602, 52
11701, 52
11800, 52
11909, 52
12006, 52
12055, 52
12105, 52
12204, 52
12253, 52
12303, 52
12501, 52
12600, 52
12709, 52
12808, 52
12907, 52
12956, 52
13004, 52
13053, 52
13087, 52
13103, 52
13400, 52
13509, 52
13707, 52
13756, 52
13772, 52
13806, 52
13855, 52
13905, 52
14002, 52
14051, 52
14101, 52
14408, 52
14507, 52
14606, 52
14705, 52
14804, 52
14838, 52
14861, 52
14879, 52
14903, 52
15009, 52
15207, 52
15231, 52
15256, 52
15306, 52
15405, 52
15504, 52
15603, 52
15652, 52
15702, 52
15801, 52
15900, 52
16007, 52
16304, 52
16403, 52
16452, 52
16809, 52
16908, 52
17104, 52
17203, 52
17302, 52
17401, 52
17609, 52
17708, 52
18003, 52
18052, 52
18102, 52
18300, 52
18391, 52
18508, 52
18607, 52
18706, 52
18789, 52
18805, 52
18904, 52
19001, 52
19100, 52
19209, 52
19258, 52
19308, 52
19357, 52
19407, 52
19456, 52
19506, 52
19605, 52
19704, 52
19712, 52
19738, 52
19753, 52
19803, 52
19902, 52
20009, 52
20058, 52
20108, 52
20157, 52
20207, 52
20264, 52
20280, 52
20405, 52
20454, 52
20504, 52
20603, 52
20686, 52
20702, 52
21007, 52
21080, 52
21197, 52
21304, 52
21403, 52
21452, 52
21502, 52
21551, 52
21577, 52
21601, 52
21700, 52
21809, 52
21858, 52
21908, 52
22005, 52
22054, 52
22203, 52
22302, 52
108, 53
